<?xml version="1.0" encoding="UTF-8"?>
<sbml xmlns="http://www.sbml.org/sbml/level3/version1/core" xmlns:fbc="http://www.sbml.org/sbml/level3/version1/fbc/version2" sboTerm="SBO:0000624" level="3" version="1" fbc:required="false">
  <model metaid="meta_textbook" id="textbook" fbc:strict="true">
    <listOfUnitDefinitions>
      <unitDefinition id="mmol_per_gDW_per_hr">
        <listOfUnits>
          <unit kind="mole" exponent="1" scale="-3" multiplier="1"/>
          <unit kind="gram" exponent="-1" scale="0" multiplier="1"/>
          <unit kind="second" exponent="-1" scale="0" multiplier="3600"/>
        </listOfUnits>
      </unitDefinition>
    </listOfUnitDefinitions>
    <listOfCompartments>
      <compartment id="c" constant="true"/>
    </listOfCompartments>
    <listOfSpecies>
      <species id="M_glc" name="Glucose" compartment="c" hasOnlySubstanceUnits="false" boundaryCondition="false" constant="false"/>
      <species id="M_pyr" name="Pyruvate" compartment="c" hasOnlySubstanceUnits="false" boundaryCondition="false" constant="false"/>
      <species id="M_nadh" name="NADH" compartment="c" hasOnlySubstanceUnits="false" boundaryCondition="false" constant="false"/>
      <species id="M_lac" name="Lactate" compartment="c" hasOnlySubstanceUnits="false" boundaryCondition="false" constant="false"/>
      <species id="M_co2" name="Carbon Dioxide" compartment="c" hasOnlySubstanceUnits="false" boundaryCondition="false" constant="false"/>
      <species id="M_accoa" name="Acetyl-CoA" compartment="c" hasOnlySubstanceUnits="false" boundaryCondition="false" constant="false"/>
      <species id="M_for" name="Formate" compartment="c" hasOnlySubstanceUnits="false" boundaryCondition="false" constant="false"/>
      <species id="M_ace" name="Acetate" compartment="c" hasOnlySubstanceUnits="false" boundaryCondition="false" constant="false"/>
      <species id="M_eth" name="Ethanol" compartment="c" hasOnlySubstanceUnits="false" boundaryCondition="false" constant="false"/>
    </listOfSpecies>
    <listOfParameters>
      <parameter sboTerm="SBO:0000626" id="cobra_default_lb" value="-1" constant="true"/>
      <parameter sboTerm="SBO:0000626" id="cobra_default_ub" value="1000" constant="true"/>
      <parameter sboTerm="SBO:0000626" id="cobra_0_bound" value="0" constant="true"/>
      <parameter sboTerm="SBO:0000626" id="minus_inf" value="-INF" constant="true"/>
      <parameter sboTerm="SBO:0000626" id="plus_inf" value="INF" constant="true"/>
      <parameter sboTerm="SBO:0000625" id="R_R1_lower_bound" value="-1" units="mmol_per_gDW_per_hr" constant="true"/>
      <parameter sboTerm="SBO:0000625" id="R_R2_lower_bound" value="0.5" units="mmol_per_gDW_per_hr" constant="true"/>
      <parameter sboTerm="SBO:0000625" id="R_R3_lower_bound" value="0.5" units="mmol_per_gDW_per_hr" constant="true"/>
    </listOfParameters>
    <listOfReactions>
      <reaction id="R_V1" name="Glucose to Pyruvate" reversible="false" fast="false" fbc:lowerFluxBound="cobra_0_bound" fbc:upperFluxBound="cobra_default_ub">
        <listOfReactants>
          <speciesReference species="M_glc" stoichiometry="0.5" constant="true"/>
        </listOfReactants>
        <listOfProducts>
          <speciesReference species="M_pyr" stoichiometry="1" constant="true"/>
          <speciesReference species="M_nadh" stoichiometry="1" constant="true"/>
        </listOfProducts>
      </reaction>
      <reaction id="R_V2" name="Pyruvate to Lactate" reversible="false" fast="false" fbc:lowerFluxBound="cobra_0_bound" fbc:upperFluxBound="cobra_default_ub">
        <listOfReactants>
          <speciesReference species="M_pyr" stoichiometry="1" constant="true"/>
          <speciesReference species="M_nadh" stoichiometry="1" constant="true"/>
        </listOfReactants>
        <listOfProducts>
          <speciesReference species="M_lac" stoichiometry="1" constant="true"/>
        </listOfProducts>
      </reaction>
      <reaction id="R_V3" name="Pyruvate to CO2 and Acetyl-CoA" reversible="false" fast="false" fbc:lowerFluxBound="cobra_0_bound" fbc:upperFluxBound="cobra_default_ub">
        <listOfReactants>
          <speciesReference species="M_pyr" stoichiometry="1" constant="true"/>
        </listOfReactants>
        <listOfProducts>
          <speciesReference species="M_co2" stoichiometry="1" constant="true"/>
          <speciesReference species="M_accoa" stoichiometry="1" constant="true"/>
          <speciesReference species="M_nadh" stoichiometry="1" constant="true"/>
        </listOfProducts>
      </reaction>
      <reaction id="R_V4" name="Pyruvate to Formate and Acetyl-CoA" reversible="false" fast="false" fbc:lowerFluxBound="cobra_0_bound" fbc:upperFluxBound="cobra_default_ub">
        <listOfReactants>
          <speciesReference species="M_pyr" stoichiometry="1" constant="true"/>
        </listOfReactants>
        <listOfProducts>
          <speciesReference species="M_for" stoichiometry="1" constant="true"/>
          <speciesReference species="M_accoa" stoichiometry="1" constant="true"/>
        </listOfProducts>
      </reaction>
      <reaction id="R_V5" name="Acetyl-CoA to Acetate" reversible="false" fast="false" fbc:lowerFluxBound="cobra_0_bound" fbc:upperFluxBound="cobra_default_ub">
        <listOfReactants>
          <speciesReference species="M_accoa" stoichiometry="1" constant="true"/>
        </listOfReactants>
        <listOfProducts>
          <speciesReference species="M_ace" stoichiometry="1" constant="true"/>
        </listOfProducts>
      </reaction>
      <reaction id="R_V6" name="Acetyl-CoA to Ethanol" reversible="false" fast="false" fbc:lowerFluxBound="cobra_0_bound" fbc:upperFluxBound="cobra_default_ub">
        <listOfReactants>
          <speciesReference species="M_accoa" stoichiometry="1" constant="true"/>
          <speciesReference species="M_nadh" stoichiometry="2" constant="true"/>
        </listOfReactants>
        <listOfProducts>
          <speciesReference species="M_eth" stoichiometry="1" constant="true"/>
        </listOfProducts>
      </reaction>
      <reaction id="R_R1" name="Glucose Exchange" reversible="true" fast="false" fbc:lowerFluxBound="R_R1_lower_bound" fbc:upperFluxBound="cobra_0_bound">
        <listOfReactants>
          <speciesReference species="M_glc" stoichiometry="1" constant="true"/>
        </listOfReactants>
      </reaction>
      <reaction id="R_R2" name="Lactate Exchange" reversible="false" fast="false" fbc:lowerFluxBound="R_R2_lower_bound" fbc:upperFluxBound="cobra_default_ub">
        <listOfReactants>
          <speciesReference species="M_lac" stoichiometry="1" constant="true"/>
        </listOfReactants>
      </reaction>
      <reaction id="R_R3" name="Formate Exchange" reversible="false" fast="false" fbc:lowerFluxBound="R_R3_lower_bound" fbc:upperFluxBound="cobra_default_ub">
        <listOfReactants>
          <speciesReference species="M_for" stoichiometry="1" constant="true"/>
        </listOfReactants>
      </reaction>
      <reaction id="R_R4" name="Ethanol Exchange" reversible="false" fast="false" fbc:lowerFluxBound="cobra_0_bound" fbc:upperFluxBound="cobra_default_ub">
        <listOfReactants>
          <speciesReference species="M_eth" stoichiometry="1" constant="true"/>
        </listOfReactants>
      </reaction>
      <reaction id="R_R5" name="Acetate Exchange" reversible="false" fast="false" fbc:lowerFluxBound="cobra_0_bound" fbc:upperFluxBound="cobra_default_ub">
        <listOfReactants>
          <speciesReference species="M_ace" stoichiometry="1" constant="true"/>
        </listOfReactants>
      </reaction>
      <reaction id="R_R6" name="CO2 Exchange" reversible="false" fast="false" fbc:lowerFluxBound="cobra_0_bound" fbc:upperFluxBound="cobra_default_ub">
        <listOfReactants>
          <speciesReference species="M_co2" stoichiometry="1" constant="true"/>
        </listOfReactants>
      </reaction>
    </listOfReactions>
    <fbc:listOfObjectives fbc:activeObjective="obj">
      <fbc:objective fbc:id="obj" fbc:type="maximize">
        <fbc:listOfFluxObjectives>
          <fbc:fluxObjective fbc:reaction="R_R4" fbc:coefficient="1"/>
        </fbc:listOfFluxObjectives>
      </fbc:objective>
    </fbc:listOfObjectives>
  </model>
</sbml>
