[{"map_name":"new_map","map_id":"sCmSrvaWtMZV","map_description":"","homepage":"https://escher.github.io","schema":"https://escher.github.io/escher/jsonschema/1-0-0#"},{"reactions":{"4":{"name":"Acetyl-CoA to Acetate","bigg_id":"V5","reversibility":false,"label_x":536.9999694824219,"label_y":483.39996337890625,"gene_reaction_rule":"","genes":[],"metabolites":[{"bigg_id":"accoa","coefficient":-1},{"bigg_id":"ace","coefficient":1}],"segments":{"17":{"from_node_id":"20","to_node_id":"21","b1":null,"b2":null},"18":{"from_node_id":"22","to_node_id":"21","b1":null,"b2":null},"19":{"from_node_id":"20","to_node_id":"17","b1":{"x":521.9999694824219,"y":411.39996337890625},"b2":{"x":704.3237135907792,"y":387.90825273804074}},"20":{"from_node_id":"22","to_node_id":"23","b1":{"x":521.9999694824219,"y":535.3999633789062},"b2":{"x":521.9999694824219,"y":589.6499633789062}}}},"5":{"name":"Acetate Exchange","bigg_id":"R5","reversibility":false,"label_x":536.9999694824219,"label_y":833.3999633789062,"gene_reaction_rule":"","genes":[],"metabolites":[{"bigg_id":"ace","coefficient":-1}],"segments":{"21":{"from_node_id":"24","to_node_id":"25","b1":null,"b2":null},"22":{"from_node_id":"26","to_node_id":"25","b1":null,"b2":null},"23":{"from_node_id":"24","to_node_id":"23","b1":{"x":521.9999694824219,"y":761.3999633789062},"b2":{"x":521.9999694824219,"y":707.1499633789062}}}},"9":{"name":"Acetyl-CoA to Ethanol","bigg_id":"V6","reversibility":false,"label_x":889.9999389648438,"label_y":494.39996337890625,"gene_reaction_rule":"","genes":[],"metabolites":[{"bigg_id":"accoa","coefficient":-1},{"bigg_id":"eth","coefficient":1},{"bigg_id":"nadh","coefficient":-2}],"segments":{"37":{"from_node_id":"40","to_node_id":"41","b1":null,"b2":null},"38":{"from_node_id":"42","to_node_id":"41","b1":null,"b2":null},"39":{"from_node_id":"40","to_node_id":"17","b1":{"x":874.9999389648438,"y":422.39996337890625},"b2":{"x":704.3237135907792,"y":387.90825273804074}},"40":{"from_node_id":"42","to_node_id":"43","b1":{"x":874.9999389648438,"y":546.3999633789062},"b2":{"x":874.9999389648438,"y":600.6499633789062}},"41":{"from_node_id":"40","to_node_id":"44","b1":{"x":874.9999389648438,"y":418.39996337890625},"b2":{"x":879.9546364596679,"y":427.3478358338785}}}},"10":{"name":"Ethanol Exchange","bigg_id":"R4","reversibility":false,"label_x":889.9999389648438,"label_y":844.3999633789062,"gene_reaction_rule":"","genes":[],"metabolites":[{"bigg_id":"eth","coefficient":-1}],"segments":{"42":{"from_node_id":"45","to_node_id":"46","b1":null,"b2":null},"43":{"from_node_id":"47","to_node_id":"46","b1":null,"b2":null},"44":{"from_node_id":"45","to_node_id":"43","b1":{"x":874.9999389648438,"y":772.3999633789062},"b2":{"x":874.9999389648438,"y":718.1499633789062}}}},"11":{"name":"Pyruvate to Formate and Acetyl-CoA","bigg_id":"V4","reversibility":false,"label_x":799.9999389648438,"label_y":156.39996337890625,"gene_reaction_rule":"","genes":[],"metabolites":[{"bigg_id":"accoa","coefficient":1},{"bigg_id":"for","coefficient":1},{"bigg_id":"pyr","coefficient":-1}],"segments":{"45":{"from_node_id":"48","to_node_id":"49","b1":null,"b2":null},"46":{"from_node_id":"50","to_node_id":"49","b1":null,"b2":null},"47":{"from_node_id":"50","to_node_id":"51","b1":{"x":784.9999389648438,"y":208.39996337890625},"b2":{"x":723.581122214895,"y":276.0396042156906}},"48":{"from_node_id":"50","to_node_id":"52","b1":{"x":784.9999389648438,"y":212.39996337890625},"b2":{"x":912.4127011164159,"y":214.68977002312835}},"49":{"from_node_id":"48","to_node_id":"13","b1":{"x":784.9999389648438,"y":84.39996337890625},"b2":{"x":698.9999389648438,"y":38.14996337890625}}}},"12":{"name":"Formate Exchange","bigg_id":"R3","reversibility":false,"label_x":1107.9999389648438,"label_y":175.3999481201172,"gene_reaction_rule":"","genes":[],"metabolites":[{"bigg_id":"for","coefficient":-1}],"segments":{"50":{"from_node_id":"53","to_node_id":"54","b1":null,"b2":null},"51":{"from_node_id":"55","to_node_id":"54","b1":null,"b2":null},"52":{"from_node_id":"53","to_node_id":"52","b1":{"x":1095.9999389648438,"y":215.3999481201172},"b2":{"x":1041.7499389648438,"y":215.3999481201172}}}},"14":{"name":"Pyruvate to Lactate","bigg_id":"V2","reversibility":false,"label_x":823.9999389648438,"label_y":-60.60003662109375,"gene_reaction_rule":"","genes":[],"metabolites":[{"bigg_id":"lac","coefficient":1},{"bigg_id":"nadh","coefficient":-1},{"bigg_id":"pyr","coefficient":-1}],"segments":{"56":{"from_node_id":"59","to_node_id":"60","b1":null,"b2":null},"57":{"from_node_id":"61","to_node_id":"60","b1":null,"b2":null},"58":{"from_node_id":"61","to_node_id":"62","b1":{"x":935.9999389648438,"y":-20.60003662109375},"b2":{"x":990.2499389648438,"y":-20.60003662109375}},"59":{"from_node_id":"59","to_node_id":"63","b1":{"x":807.9999389648438,"y":-20.60003662109375},"b2":{"x":801.7907940047968,"y":-46.03959104874668}},"60":{"from_node_id":"59","to_node_id":"13","b1":{"x":811.9999389648438,"y":-20.60003662109375},"b2":{"x":757.7499389648438,"y":-20.60003662109375}}}},"15":{"name":"Lactate Exchange","bigg_id":"R2","reversibility":false,"label_x":1173.9999389648438,"label_y":-60.60003662109375,"gene_reaction_rule":"","genes":[],"metabolites":[{"bigg_id":"lac","coefficient":-1}],"segments":{"61":{"from_node_id":"64","to_node_id":"65","b1":null,"b2":null},"62":{"from_node_id":"66","to_node_id":"65","b1":null,"b2":null},"63":{"from_node_id":"64","to_node_id":"62","b1":{"x":1161.9999389648438,"y":-20.60003662109375},"b2":{"x":1107.7499389648438,"y":-20.60003662109375}}}},"20":{"name":"Glucose Exchange","bigg_id":"R1","reversibility":false,"label_x":731,"label_y":-525.8000564575195,"gene_reaction_rule":"","genes":[],"metabolites":[{"bigg_id":"glc","coefficient":1}],"segments":{"80":{"from_node_id":"88","to_node_id":"89","b1":null,"b2":null},"81":{"from_node_id":"90","to_node_id":"89","b1":null,"b2":null},"82":{"from_node_id":"90","to_node_id":"87","b1":{"x":700,"y":-481.80005645751953},"b2":{"x":700,"y":-427.55005645751953}}}},"21":{"name":"Glucose to Pyruvate","bigg_id":"V1","reversibility":false,"label_x":715,"label_y":-183.80005645751953,"gene_reaction_rule":"","genes":[],"metabolites":[{"bigg_id":"glc","coefficient":-0.5},{"bigg_id":"nadh","coefficient":1},{"bigg_id":"pyr","coefficient":1}],"segments":{"83":{"from_node_id":"92","to_node_id":"93","b1":null,"b2":null},"84":{"from_node_id":"94","to_node_id":"93","b1":null,"b2":null},"85":{"from_node_id":"92","to_node_id":"87","b1":{"x":700,"y":-255.80005645751953},"b2":{"x":700,"y":-310.05005645751953}},"86":{"from_node_id":"94","to_node_id":"95","b1":{"x":700,"y":-127.80005645751953},"b2":{"x":682,"y":-122.55005645751953}},"87":{"from_node_id":"94","to_node_id":"13","b1":{"x":700,"y":-131.80005645751953},"b2":{"x":700,"y":-77.55005645751953}}}},"22":{"name":"Pyruvate to CO2 and Acetyl-CoA","bigg_id":"V3","reversibility":false,"label_x":629.9999389648438,"label_y":162.39996337890625,"gene_reaction_rule":"","genes":[],"metabolites":[{"bigg_id":"accoa","coefficient":1},{"bigg_id":"co2","coefficient":1},{"bigg_id":"nadh","coefficient":1},{"bigg_id":"pyr","coefficient":-1}],"segments":{"88":{"from_node_id":"97","to_node_id":"98","b1":null,"b2":null},"89":{"from_node_id":"99","to_node_id":"98","b1":null,"b2":null},"90":{"from_node_id":"99","to_node_id":"100","b1":{"x":614.9999389648438,"y":214.39996337890625},"b2":{"x":671.418817786035,"y":277.5266151688677}},"91":{"from_node_id":"99","to_node_id":"101","b1":{"x":614.9999389648438,"y":218.39996337890625},"b2":{"x":467.53249115391145,"y":216.5326333148094}},"92":{"from_node_id":"99","to_node_id":"102","b1":{"x":614.9999389648438,"y":218.39996337890625},"b2":{"x":620.9999389648438,"y":241.64996337890625}},"93":{"from_node_id":"97","to_node_id":"13","b1":{"x":614.9999389648438,"y":90.39996337890625},"b2":{"x":698.9999389648438,"y":38.14996337890625}}}},"23":{"name":"CO2 Exchange","bigg_id":"R6","reversibility":false,"label_x":171.99993896484375,"label_y":179.39996337890628,"gene_reaction_rule":"","genes":[],"metabolites":[{"bigg_id":"co2","coefficient":-1}],"segments":{"94":{"from_node_id":"103","to_node_id":"104","b1":null,"b2":null},"95":{"from_node_id":"105","to_node_id":"104","b1":null,"b2":null},"96":{"from_node_id":"103","to_node_id":"101","b1":{"x":283.99993896484375,"y":219.39996337890625},"b2":{"x":338.24993896484375,"y":219.39996337890625}}}}},"nodes":{"13":{"node_type":"metabolite","x":698.9999389648438,"y":-20.60003662109375,"bigg_id":"pyr","name":"Pyruvate","label_x":639.9999389648438,"label_y":3.3999643325805664,"node_is_primary":true},"17":{"node_type":"metabolite","x":698.9999389648438,"y":329.39996337890625,"bigg_id":"accoa","name":"Acetyl-CoA","label_x":723.9999389648438,"label_y":329.39996337890625,"node_is_primary":true},"20":{"node_type":"multimarker","x":521.9999694824219,"y":453.39996337890625},"21":{"node_type":"midmarker","x":521.9999694824219,"y":473.39996337890625},"22":{"node_type":"multimarker","x":521.9999694824219,"y":493.39996337890625},"23":{"node_type":"metabolite","x":521.9999694824219,"y":648.3999633789062,"bigg_id":"ace","name":"Acetate","label_x":546.9999694824219,"label_y":648.3999633789062,"node_is_primary":true},"24":{"node_type":"multimarker","x":521.9999694824219,"y":803.3999633789062},"25":{"node_type":"midmarker","x":521.9999694824219,"y":823.3999633789062},"26":{"node_type":"multimarker","x":521.9999694824219,"y":843.3999633789062},"40":{"node_type":"multimarker","x":874.9999389648438,"y":464.39996337890625},"41":{"node_type":"midmarker","x":874.9999389648438,"y":484.39996337890625},"42":{"node_type":"multimarker","x":874.9999389648438,"y":504.39996337890625},"43":{"node_type":"metabolite","x":874.9999389648438,"y":659.3999633789062,"bigg_id":"eth","name":"Ethanol","label_x":899.9999389648438,"label_y":659.3999633789062,"node_is_primary":true},"44":{"node_type":"metabolite","x":922.9999389648438,"y":371.39996337890625,"bigg_id":"nadh","name":"NADH","label_x":912.9999389648438,"label_y":405.39996337890625,"node_is_primary":false},"45":{"node_type":"multimarker","x":874.9999389648438,"y":814.3999633789062},"46":{"node_type":"midmarker","x":874.9999389648438,"y":834.3999633789062},"47":{"node_type":"multimarker","x":874.9999389648438,"y":854.3999633789062},"48":{"node_type":"multimarker","x":784.9999389648438,"y":126.39996337890625},"49":{"node_type":"midmarker","x":784.9999389648438,"y":146.39996337890625},"50":{"node_type":"multimarker","x":784.9999389648438,"y":166.39996337890625},"51":{"node_type":"metabolite","x":698.9999389648438,"y":329.39996337890625,"bigg_id":"accoa","name":"Acetyl-CoA","label_x":723.9999389648438,"label_y":329.39996337890625,"node_is_primary":true},"52":{"node_type":"metabolite","x":982.9999389648438,"y":215.3999481201172,"bigg_id":"for","name":"Formate","label_x":929.9999389648438,"label_y":249.3999481201172,"node_is_primary":true},"53":{"node_type":"multimarker","x":1137.9999389648438,"y":215.3999481201172},"54":{"node_type":"midmarker","x":1157.9999389648438,"y":215.3999481201172},"55":{"node_type":"multimarker","x":1177.9999389648438,"y":215.3999481201172},"59":{"node_type":"multimarker","x":853.9999389648438,"y":-20.60003662109375},"60":{"node_type":"midmarker","x":873.9999389648438,"y":-20.60003662109375},"61":{"node_type":"multimarker","x":893.9999389648438,"y":-20.60003662109375},"62":{"node_type":"metabolite","x":1048.9999389648438,"y":-20.60003662109375,"bigg_id":"lac","name":"Lactate","label_x":1032.7999389648437,"label_y":19.39996337890625,"node_is_primary":true},"63":{"node_type":"metabolite","x":756.9999389648438,"y":-100.60003280639648,"bigg_id":"nadh","name":"NADH","label_x":777.3999389648437,"label_y":-112.60003280639648,"node_is_primary":false},"64":{"node_type":"multimarker","x":1203.9999389648438,"y":-20.60003662109375},"65":{"node_type":"midmarker","x":1223.9999389648438,"y":-20.60003662109375},"66":{"node_type":"multimarker","x":1243.9999389648438,"y":-20.60003662109375},"87":{"node_type":"metabolite","x":700,"y":-368.80005645751953,"bigg_id":"glc","name":"Glucose","label_x":725,"label_y":-368.80005645751953,"node_is_primary":true},"88":{"node_type":"multimarker","x":700,"y":-563.8000564575195},"89":{"node_type":"midmarker","x":700,"y":-543.8000564575195},"90":{"node_type":"multimarker","x":700,"y":-523.8000564575195},"92":{"node_type":"multimarker","x":700,"y":-213.80005645751953},"93":{"node_type":"midmarker","x":700,"y":-193.80005645751953},"94":{"node_type":"multimarker","x":700,"y":-173.80005645751953},"95":{"node_type":"metabolite","x":620,"y":-88.80005645751953,"bigg_id":"nadh","name":"NADH","label_x":593,"label_y":-58.80005645751953,"node_is_primary":false},"97":{"node_type":"multimarker","x":614.9999389648438,"y":132.39996337890625},"98":{"node_type":"midmarker","x":614.9999389648438,"y":152.39996337890625},"99":{"node_type":"multimarker","x":614.9999389648438,"y":172.39996337890625},"100":{"node_type":"metabolite","x":698.9999389648438,"y":329.39996337890625,"bigg_id":"accoa","name":"Acetyl-CoA","label_x":723.9999389648438,"label_y":329.39996337890625,"node_is_primary":true},"101":{"node_type":"metabolite","x":396.99993896484375,"y":219.39996337890625,"bigg_id":"co2","name":"Carbon Dioxide","label_x":425.99993896484375,"label_y":253.39996337890625,"node_is_primary":true},"102":{"node_type":"metabolite","x":558.9999389648438,"y":275.39996337890625,"bigg_id":"nadh","name":"NADH","label_x":522.9999389648438,"label_y":305.39996337890625,"node_is_primary":false},"103":{"node_type":"multimarker","x":241.99993896484375,"y":219.39996337890628},"104":{"node_type":"midmarker","x":221.99993896484375,"y":219.39996337890628},"105":{"node_type":"multimarker","x":201.99993896484375,"y":219.39996337890628}},"text_labels":{},"canvas":{"x":-1536,"y":-721.6000366210938,"width":4608,"height":2164.8001098632812}}]